mu,runs,successes,median_sweeps,median_F,median_grad,median_step
0.05,8,3,220.0,0.11214200489668234,4.581305902844878e-06,1.8460396127850662e-06
0.2,8,3,220.0,0.05057279248238399,0.0001326523766041569,4.901401709340196e-05
1.0,8,0,220.0,0.30819998240314894,0.0001623942478887911,5.660640122945508e-05
